<?xml version="1.0" encoding="UTF-8"?>
<mod>
  <name>ModFormatExample</name>
  <pretty>Mod Manager Format Example</pretty>
  <author>PEGelite</author>
  <version>0.3</version>
  <gameVersion>22</gameVersion>
  <description><p>An example of the format used by the mod manager.</p></description>
  <refreshScriptCache>false</refreshScriptCache>
  <refreshWorld>false</refreshWorld>
  <refreshInventory>false</refreshInventory>
  <defaultMode>0</defaultMode>
  <common>
    <plugin>MOD_LOADER_TEST</plugin>
    <resource>common</resource>
  </common>
  <mode id="0">
    <pretty>Mode 0</pretty>
    <plugin>MOD_LOADER_TEST</plugin>
    <resource>mode0</resource>
  </mode>
  <mode id="1">
    <pretty>Mode 1</pretty>
    <plugin>MOD_LOADER_TEST</plugin>
    <resource>mode1</resource>
  </mode>
  <option id="0">
    <pretty>Option 0</pretty>
    <default>false</default>
    <plugin>MOD_LOADER_TEST</plugin>
    <resource>option0</resource>
  </option>
  <option id="1">
    <pretty>Option 1</pretty>
    <default>false</default>
    <plugin>MOD_LOADER_TEST</plugin>
    <resource>option1</resource>
  </option>
</mod>