<?xml version="1.0" encoding="UTF-8"?>
<mod>
  <name>ModFormatExample</name>
  <pretty>Mod Manager Format Example</pretty>
  <author>PEGelite</author>
  <version>0.3</version>
  <gameVersion>26</gameVersion>
  <description>&lt;p&gt;An example of the format used by the mod manager.&lt;/p&gt;</description>
  <refreshScriptCache>false</refreshScriptCache>
  <refreshWorld>false</refreshWorld>
  <refreshInventory>false</refreshInventory>
  <defaultMode>1</defaultMode>
  <common>
    <plugin>MOD_LOADER_TEST</plugin>
    <resource>common</resource>
  </common>
  <mode>
    <pretty>Mode 0</pretty>
    <plugin>MOD_LOADER_TEST</plugin>
    <resource>mode0</resource>
  </mode>
  <mode>
    <pretty>Mode 1</pretty>
    <plugin>MOD_LOADER_TEST</plugin>
    <resource>mode1</resource>
  </mode>
  <option>
    <pretty>Option 0</pretty>
    <default>true</default>
    <plugin>MOD_LOADER_TEST</plugin>
    <resource>option0</resource>
  </option>
  <option>
    <pretty>Option 1</pretty>
    <default>false</default>
    <plugin>MOD_LOADER_TEST</plugin>
    <resource>option1</resource>
  </option>
</mod>